<?xml version="1.0" encoding="UTF-8" ?>
<c3p0-config>
    <default-config>
        <property name="driverClass">com.mysql.jdbc.Driver</property>
        <property name="jdbcUrl">jdbc:mysql://127.0.0.1:3306/booksystem?characterEncoding=utf8</property>
        <property name="user">root</property>
        <property name="password">123456</property>

        <property name="acquireIncrement">5</property>
        <property name="initialPoolSize">10</property>
        <property name="minPoolSize">5</property>
        <property name="maxPoolSize">20</property>
    </default-config>

    <named-config name="mysql">
        <property name="driverClass">com.mysql.jdbc.Driver</property>
        <property name="jdbcUrl">jdbc:mysql://localhost:3306/booksystem?characterEncoding=utf8</property>
        <property name="user">root</property>
        <property name="password">123456</property>

        <property name="acquireIncrement">5</property>
        <property name="initialPoolSize">10</property>
        <property name="minPoolSize">5</property>
        <property name="maxPoolSize">20</property>
    </named-config>


    <named-config name="oracle">
        <property name="driverClass">oracle.jdbc.driver.OracleDriver</property>
        <property name="jdbcUrl">jdbc:oracle:thin:@//localhost:1521/事例名...</property>
        <property name="user">用户名</property>
        <property name="password">密码</property>

        <property name="acquireIncrement">5</property>
        <property name="initialPoolSize">10</property>
        <property name="minPoolSize">5</property>
        <property name="maxPoolSize">20</property>
    </named-config>
</c3p0-config>